,City,Country,Lat,Lng,Max Temp,Humidity,Cloudiness,Wind Speed,Current Description
0,Barrow,US,71.2906,-156.7887,-7.6,71,1,6.91,clear sky
1,Albany,US,42.6001,-73.9662,51.8,29,20,14.97,few clouds
2,Winslow,US,35.0242,-110.6974,70.0,19,1,28.77,clear sky
3,Lompoc,US,34.6391,-120.4579,57.2,51,1,19.57,clear sky
4,Mehamn,NO,71.0357,27.8492,31.93,84,100,14.18,light snow
5,Meulaboh,ID,4.1363,96.1285,76.23,89,73,5.23,broken clouds
6,Kodiak,US,57.79,-152.4072,37.4,87,90,5.75,light rain
7,Puerto Ayora,EC,-0.7393,-90.3518,84.2,70,20,10.36,few clouds
8,Ucluelet,CA,48.9329,-125.5528,48.0,61,75,20.71,broken clouds
9,Ilo,PE,-17.6394,-71.3375,71.6,83,0,18.41,clear sky
10,Leningradskiy,RU,69.3833,178.4167,-10.25,84,100,1.81,overcast clouds
11,Ranong,TH,9.9658,98.6348,76.05,88,78,2.37,broken clouds
12,Hilo,US,19.7297,-155.09,71.6,78,90,8.05,light rain
13,Airai,TL,-8.9266,125.4092,64.4,80,47,2.44,scattered clouds
14,Bluff,NZ,-46.6,168.3333,55.0,94,88,7.0,overcast clouds
15,Tandalti,SD,13.0167,31.8667,83.93,17,14,12.26,few clouds
16,Ushuaia,AR,-54.8,-68.3,48.2,71,40,34.52,scattered clouds
17,East London,ZA,-33.0153,27.9116,69.53,80,54,17.67,broken clouds
18,Nsanje,MW,-16.92,35.262,72.36,98,58,2.84,broken clouds
19,Mahebourg,MU,-20.4081,57.7,78.8,89,40,11.5,moderate rain
20,Mataura,NZ,-46.1927,168.8643,55.0,94,89,7.0,overcast clouds
21,Severo-Kurilsk,RU,50.6789,156.125,24.49,80,86,21.21,overcast clouds
22,De-Kastri,RU,51.4667,140.7833,29.28,86,100,16.06,overcast clouds
23,Busselton,AU,-33.65,115.3333,68.65,46,0,3.74,clear sky
24,Rikitea,PF,-23.1203,-134.9692,80.06,72,5,6.22,clear sky
25,Esperance,AU,-33.8667,121.9,57.2,94,37,11.5,scattered clouds
26,Marataizes,BR,-21.0433,-40.8244,76.05,87,0,9.13,clear sky
27,Yellowknife,CA,62.456,-114.3525,10.4,67,75,18.41,snow
28,New Norfolk,AU,-42.7826,147.0587,66.0,51,9,1.99,clear sky
29,Sola,VU,-13.8833,167.55,81.3,75,93,10.47,overcast clouds
30,Peddapalli,IN,18.6167,79.3667,74.84,41,36,1.79,scattered clouds
31,Avarua,CK,-21.2078,-159.775,84.2,79,20,9.22,light rain
32,Mercedes,AR,-34.6515,-59.4307,66.0,84,80,7.87,broken clouds
33,Atuona,PF,-9.8,-139.0333,80.33,79,15,13.38,few clouds
34,Portland,US,45.5234,-122.6762,52.0,71,75,9.22,broken clouds
35,Carnarvon,AU,-24.8667,113.6333,71.6,83,0,5.75,clear sky
36,Hobart,AU,-42.8794,147.3294,66.2,52,75,8.05,broken clouds
37,Lingdong,CN,46.5669,131.1453,30.43,95,100,3.71,light snow
38,Cayenne,GF,4.9333,-52.3333,78.8,83,75,8.05,broken clouds
39,Sorland,NO,67.667,12.6934,33.46,72,100,36.01,light snow
40,Dikson,RU,73.5069,80.5464,-23.82,82,7,17.69,clear sky
41,Buala,SB,-8.145,159.5921,83.79,75,99,3.24,moderate rain
42,Vaini,TO,-21.2,-175.2,86.0,74,40,6.91,scattered clouds
43,Naze,JP,28.3667,129.4833,66.2,94,75,9.22,broken clouds
44,Bandarbeyla,SO,9.4942,50.8122,76.48,79,3,9.4,clear sky
45,Hami,CN,42.8,93.45,33.94,16,0,4.92,clear sky
46,Arraial Do Cabo,BR,-22.9661,-42.0278,77.74,84,7,18.16,clear sky
47,Nanortalik,GL,60.1432,-45.2371,31.33,98,100,9.66,snow
48,Tuktoyaktuk,CA,69.4541,-133.0374,-13.0,84,75,6.91,broken clouds
49,Vostok,RU,46.4856,135.8833,23.38,86,97,4.63,overcast clouds
50,Haines Junction,CA,60.7522,-137.5108,12.2,40,100,5.75,overcast clouds
51,Kushmurun,KZ,52.4503,64.6311,28.22,91,77,14.47,broken clouds
52,Yeniseysk,RU,58.4497,92.1703,21.58,90,100,7.67,overcast clouds
53,San Patricio,US,28.017,-97.5169,66.0,55,1,17.27,clear sky
54,Torbay,CA,47.6666,-52.7314,24.01,68,75,13.8,broken clouds
55,Atar,MR,20.5169,-13.0499,70.86,12,34,11.01,scattered clouds
56,Avera,US,33.194,-82.5271,55.4,47,90,13.8,overcast clouds
57,Kaitangata,NZ,-46.2817,169.8464,60.01,70,74,5.01,broken clouds
58,Kruisfontein,ZA,-34.0033,24.7314,63.0,84,15,1.99,light rain
59,Santa Isabel,BR,-23.3156,-46.2214,75.2,88,40,3.44,scattered clouds
60,La Paz,BO,-16.5,-68.15,48.2,76,75,2.3,broken clouds
61,Teya,RU,60.3778,92.6267,19.11,96,100,4.23,overcast clouds
62,Fortuna,US,40.5982,-124.1573,55.99,62,40,13.8,scattered clouds
63,San Quintin,MX,30.4833,-115.95,63.82,67,0,24.65,clear sky
64,Chapleau,CA,47.8405,-83.4034,50.0,22,1,12.66,clear sky
65,Sandwick,GB,60.0,-1.25,42.8,61,75,14.97,broken clouds
66,Asyut,EG,27.181,31.1837,77.0,29,0,13.8,clear sky
67,Takoradi,GH,4.8845,-1.7554,80.38,82,59,6.02,broken clouds
68,Cabo San Lucas,MX,22.8909,-109.9124,86.0,21,1,4.61,clear sky
69,Khatanga,RU,71.9667,102.5,-38.07,97,20,9.01,few clouds
70,Ugoofaaru,MV,5.6667,73.0,82.94,68,7,6.51,clear sky
71,Lebu,CL,-37.6167,-73.65,58.32,78,4,6.29,clear sky
72,Morant Bay,JM,17.8815,-76.4093,82.4,69,20,17.27,few clouds
73,Saskylakh,RU,71.9167,114.0833,-35.59,98,100,10.25,overcast clouds
74,Angoram,PG,-4.0625,144.0661,78.48,91,93,3.38,overcast clouds
75,Alta Floresta,BR,-9.8756,-56.0861,77.0,94,75,2.3,broken clouds
76,Butaritari,KI,3.0707,172.7902,82.56,78,12,17.09,few clouds
77,Iwanai,JP,42.9744,140.5089,34.61,86,100,8.77,snow
78,Redwater,US,33.3582,-94.2544,60.8,44,1,5.75,clear sky
79,Terme,TR,41.2092,36.9739,44.6,87,75,2.3,moderate rain
80,Jamestown,US,42.097,-79.2353,46.4,27,1,4.41,clear sky
81,Bandiagara,ML,14.3501,-3.6104,88.99,24,84,6.78,broken clouds
82,Qaanaaq,GL,77.484,-69.3632,-8.48,98,100,2.95,overcast clouds
83,Punta Arenas,CL,-53.15,-70.9167,50.0,62,75,18.41,broken clouds
84,Longyearbyen,SJ,78.2186,15.6401,14.0,73,40,9.22,scattered clouds
85,Rawson,AR,-43.3002,-65.1023,59.67,66,0,13.73,clear sky
86,Bathsheba,BB,13.2167,-59.5167,77.0,57,20,13.8,few clouds
87,Trincomalee,LK,8.5711,81.2335,80.78,78,96,4.81,overcast clouds
88,Sulangan,PH,11.1373,123.7228,82.69,77,88,14.09,overcast clouds
89,Cape Town,ZA,-33.9258,18.4232,64.99,72,20,12.66,few clouds
90,Saldanha,ZA,-33.0117,17.9442,62.6,72,0,12.66,clear sky
91,Port Alfred,ZA,-33.5906,26.891,67.15,88,50,15.61,light rain
92,Makushino,RU,55.2103,67.2442,28.45,91,91,14.41,overcast clouds
93,Kapaa,US,22.0752,-159.319,75.2,69,20,19.57,light rain
94,Gawler,AU,-34.6,138.7333,77.0,46,0,8.01,clear sky
95,Fairbanks,US,64.8378,-147.7164,19.4,35,1,8.05,clear sky
96,Mar Del Plata,AR,-38.0023,-57.5575,68.0,77,0,2.3,light rain
97,Jimo,CN,36.3897,120.4622,42.01,42,0,11.18,clear sky
98,Mnogovershinnyy,RU,53.9353,139.9242,20.55,79,62,2.55,broken clouds
99,Cotonou,BJ,6.3654,2.4183,82.4,78,20,6.91,few clouds
100,Maromitsa,RU,59.8683,48.0123,10.94,96,100,4.99,overcast clouds
101,Alofi,NU,-19.0595,-169.9187,84.2,74,91,8.05,light rain
102,Palmerston,AU,-12.486,130.9833,84.0,78,20,5.75,few clouds
103,Ust-Kuyga,RU,70.0167,135.6,-6.41,93,100,2.62,overcast clouds
104,Mecca,SA,21.4267,39.8261,77.52,29,0,2.59,clear sky
105,Denpasar,ID,-8.65,115.2167,82.4,78,75,12.66,broken clouds
106,Karla,EE,59.3723,24.9275,35.01,93,75,13.8,light rain
107,Praia Da Vitoria,PT,38.7333,-27.0667,59.0,72,40,9.4,scattered clouds
108,Vieux-Habitants,GP,16.0589,-61.7659,75.2,83,75,5.75,broken clouds
109,Nioro,GM,13.35,-15.75,74.71,32,57,9.08,broken clouds
110,Kasongo-Lunda,CD,-6.4667,16.8167,71.06,98,100,1.61,overcast clouds
111,Norman Wells,CA,65.282,-126.8329,1.4,60,20,9.22,few clouds
112,Lodja,CD,-3.4833,23.4333,69.24,96,76,1.19,broken clouds
113,Katsuura,JP,35.1333,140.3,64.4,94,75,11.5,broken clouds
114,Guamuchil,MX,25.4667,-108.1,89.01,34,0,7.0,clear sky
115,Aklavik,CA,68.2191,-135.0107,-2.2,60,20,3.44,few clouds
116,Half Moon Bay,US,37.4636,-122.4286,59.0,66,1,14.97,haze
117,Vangaindrano,MG,-23.35,47.6,74.03,91,97,3.56,light rain
118,Beloha,MG,-25.1667,45.05,73.89,78,2,5.5,clear sky
119,Monze,ZM,-16.2833,27.4833,63.39,92,0,2.71,clear sky
120,Sarahan,IN,31.5167,77.8,45.3,35,0,7.45,clear sky
121,Bambous Virieux,MU,-20.3428,57.7575,79.0,89,40,11.5,moderate rain
122,Pozo Colorado,PY,-23.4923,-58.7972,79.79,76,100,3.11,overcast clouds
123,Faanui,PF,-16.4833,-151.75,83.21,67,1,7.7,clear sky
124,Lasa,IT,46.6166,10.7002,39.2,68,0,11.5,clear sky
125,Havre-Saint-Pierre,CA,50.2334,-63.5986,21.2,79,1,9.22,clear sky
126,Pisco,PE,-13.7,-76.2167,72.0,68,0,21.85,clear sky
127,Port Victoria,KE,0.0939,33.9756,72.39,71,85,5.95,light rain
128,Hermanus,ZA,-34.4187,19.2345,55.99,92,32,7.61,scattered clouds
129,Rudbar,AF,30.15,62.6,67.28,25,18,13.73,few clouds
130,Westport,US,41.1415,-73.3579,53.01,43,1,5.75,clear sky
131,Bac Lieu,VN,9.285,105.7244,77.18,82,33,4.65,scattered clouds
132,Alipur,PK,29.3846,70.9116,72.21,35,99,8.9,overcast clouds
133,Chernyshevskiy,RU,63.0128,112.4714,-27.44,88,100,12.55,overcast clouds
134,Mana,GF,5.6592,-53.7767,76.55,86,24,8.59,few clouds
135,Hithadhoo,MV,-0.6,73.0833,83.17,70,100,9.91,overcast clouds
136,Klaksvik,FO,62.2266,-6.589,42.8,81,75,8.05,broken clouds
137,Ayagoz,KZ,47.9714,80.4392,23.95,72,100,3.31,overcast clouds
138,Caravelas,BR,-17.7125,-39.2481,75.54,90,1,6.73,clear sky
139,Itaituba,BR,-4.2761,-55.9836,74.86,96,94,1.25,moderate rain
140,Saint-Philippe,RE,-21.3585,55.7679,78.8,78,0,19.57,light rain
141,Bengkulu,ID,-3.8004,102.2655,76.06,83,86,4.27,overcast clouds
142,Kununurra,AU,-15.7667,128.7333,75.2,100,90,3.44,overcast clouds
143,Abu Kamal,SY,34.4506,40.9171,61.07,36,48,11.07,scattered clouds
144,Herat,AF,34.5,62.0,48.63,81,0,7.67,clear sky
145,Zinder,NE,13.8072,8.9881,88.99,13,97,13.73,overcast clouds
146,Saint-Georges,GD,12.0564,-61.7485,78.8,73,20,10.36,few clouds
147,Lexington,US,37.9887,-84.4777,55.4,26,1,8.05,clear sky
148,Bambanglipuro,ID,-7.95,110.2833,76.19,88,100,4.32,overcast clouds
149,Roma,US,43.2128,-75.4557,46.4,36,1,6.91,clear sky
150,Salekhard,RU,66.53,66.6019,-14.51,88,100,11.65,overcast clouds
151,Manono,CD,-7.3,27.4167,70.02,89,92,2.75,overcast clouds
152,Provideniya,RU,64.3833,-173.3,5.92,75,100,13.69,overcast clouds
153,Georgetown,MY,5.4112,100.3354,78.8,88,20,3.44,few clouds
154,Beringovskiy,RU,63.05,179.3167,-1.05,92,100,13.58,overcast clouds
155,Ahipara,NZ,-35.1667,173.1667,67.68,50,1,7.23,clear sky
156,Port Elizabeth,ZA,-33.918,25.5701,64.4,88,20,12.66,light rain
157,Vardo,NO,70.3705,31.1107,30.85,76,76,12.8,broken clouds
158,Cherskiy,RU,68.75,161.3,-13.81,84,0,5.19,clear sky
159,Chifeng,CN,42.2683,118.9636,26.31,40,75,16.87,broken clouds
160,Jacareacanga,BR,-6.2222,-57.7528,78.51,79,73,2.15,broken clouds
161,Taraz,KZ,42.9,71.3667,41.0,93,90,4.47,moderate rain
162,Taoudenni,ML,22.6783,-3.9836,70.27,8,0,9.13,clear sky
163,Kyabe,TD,9.4515,18.9449,82.27,26,100,4.63,overcast clouds
164,Bredasdorp,ZA,-34.5322,20.0403,55.4,94,59,2.3,broken clouds
165,Hualmay,PE,-11.0964,-77.6139,73.9,73,8,8.08,clear sky
166,Naples,IT,40.8333,14.25,44.6,61,0,12.66,clear sky
167,Praia,CV,14.9215,-23.5087,68.0,77,20,14.97,few clouds
168,Waingapu,ID,-9.6567,120.2641,79.2,85,97,7.07,overcast clouds
169,Yeppoon,AU,-23.1333,150.7333,78.8,89,75,10.36,broken clouds
170,Grand-Santi,GF,4.25,-54.3833,73.2,94,40,3.31,scattered clouds
171,Mananjary,MG,-21.2167,48.3333,74.48,89,90,0.92,light rain
172,Srednekolymsk,RU,67.45,153.6833,-3.93,77,0,2.37,clear sky
173,Tabuleiro Do Norte,BR,-5.2467,-38.1306,78.91,73,45,9.17,scattered clouds
174,Coquimbo,CL,-29.9533,-71.3436,62.6,72,0,10.36,clear sky
175,Teguise,ES,29.0605,-13.564,62.6,72,40,20.71,scattered clouds
176,Vila Velha,BR,-20.3297,-40.2925,78.8,83,75,5.55,broken clouds
177,Aiquile,BO,-18.2041,-65.1807,59.22,90,62,3.83,broken clouds
178,Tiksi,RU,71.6872,128.8694,-17.09,99,100,11.68,overcast clouds
179,Pevek,RU,69.7008,170.3133,-20.22,95,20,3.49,few clouds
180,Hasaki,JP,35.7333,140.8333,62.6,94,75,16.11,broken clouds
181,Gorontalo,ID,0.5412,123.0595,77.31,87,88,2.77,overcast clouds
182,Thompson,CA,55.7435,-97.8558,50.0,34,75,3.44,broken clouds
183,Diu,IN,20.7141,70.9822,73.65,60,0,10.04,clear sky
184,Komsomolskiy,UZ,40.4272,71.7189,50.0,87,90,6.91,moderate rain
185,Husavik,IS,66.0449,-17.3389,42.8,61,75,23.02,broken clouds
186,Alice Springs,AU,-23.7,133.8833,66.2,82,90,10.36,overcast clouds
187,Grindavik,IS,63.8424,-22.4338,41.0,81,90,28.77,overcast clouds
188,Ostrovnoy,RU,68.0531,39.5131,16.45,93,68,11.86,broken clouds
189,Sangar,RU,63.9242,127.4739,14.97,92,100,18.72,light snow
190,Hobyo,SO,5.3505,48.5268,78.82,79,27,13.27,scattered clouds
191,Lazaro Cardenas,MX,17.9583,-102.2,83.46,56,0,13.06,clear sky
192,Basco,PH,20.4487,121.9702,78.87,79,6,19.08,clear sky
193,Andenes,NO,69.3143,16.1194,30.99,74,75,31.07,light snow
194,Loandjili,CG,-4.7561,11.8578,77.0,94,20,4.61,mist
195,Wajima,JP,37.4,136.9,55.4,88,75,3.44,broken clouds
196,Aswan,EG,24.0934,32.907,77.74,20,0,5.41,clear sky
197,Flinders,AU,-34.5833,150.8552,69.01,91,100,7.0,light rain
198,Linxia,CN,35.6003,103.2064,27.43,56,89,1.81,overcast clouds
199,Kirensk,RU,57.7853,108.1119,12.43,96,93,3.11,overcast clouds
200,Chokurdakh,RU,70.6333,147.9167,-15.25,95,0,4.09,clear sky
201,Chuy,UY,-33.6971,-53.4616,70.72,96,78,3.02,moderate rain
202,Nikolskoye,RU,59.7035,30.7861,28.0,86,90,15.66,snow
203,Hukuntsi,BW,-24.0,21.75,74.01,47,33,11.59,scattered clouds
204,Acari,PE,-15.4311,-74.6158,74.26,75,42,6.33,scattered clouds
205,Shahrud,IR,36.4182,54.9763,43.0,56,0,4.92,clear sky
206,Waipawa,NZ,-41.4122,175.5153,62.01,72,90,12.66,overcast clouds
207,Fuerte Olimpo,PY,-21.0415,-57.8738,80.78,73,96,6.78,overcast clouds
208,Yerbogachen,RU,61.2767,108.0108,-33.43,91,0,6.13,clear sky
209,Gat,IL,31.61,34.7642,62.01,70,0,2.39,clear sky
210,Shebunino,RU,46.4339,141.8603,29.8,76,88,19.51,overcast clouds
211,Visby,SE,57.6409,18.296,37.99,93,90,14.97,overcast clouds
212,Victoria,HK,22.2855,114.1577,75.0,82,60,6.17,broken clouds
213,Shimoda,JP,34.6667,138.95,62.6,100,75,24.16,mist
214,Saint George,US,37.1041,-113.5841,70.0,12,1,24.16,clear sky
215,Oktyabrskiy,RU,54.4815,53.471,16.25,93,99,5.79,overcast clouds
216,Tasiilaq,GL,65.6145,-37.6368,24.8,93,90,46.04,heavy snow
217,Bulolo,PG,-7.2,146.65,79.88,74,46,1.7,scattered clouds
218,Cockburn Town,TC,21.4612,-71.1419,77.0,69,20,9.22,few clouds
219,Wajir,KE,1.7471,40.0573,80.47,63,13,15.41,light rain
220,Port Lincoln,AU,-34.7333,135.8667,72.41,65,2,9.31,clear sky
221,Wallaceburg,CA,42.593,-82.3885,50.0,29,1,8.05,clear sky
222,Ribeira Grande,PT,38.5167,-28.7,59.47,81,86,15.26,overcast clouds
223,La Ronge,CA,55.1001,-105.2842,55.4,24,15,4.61,few clouds
224,Cidreira,BR,-30.1811,-50.2056,77.16,87,21,20.29,few clouds
225,Sanchez,DO,19.2281,-69.6137,78.8,83,20,4.61,few clouds
226,Kamalasai,TH,16.3384,103.5756,84.99,83,9,3.44,mist
227,Ginda,IN,30.6945,78.4932,51.42,21,0,7.16,clear sky
228,Luba,GQ,3.4568,8.5547,77.0,94,20,2.3,few clouds
229,Manicore,BR,-5.8092,-61.3003,72.7,98,100,3.22,overcast clouds
230,Stephenville,US,32.2207,-98.2023,69.8,30,1,4.61,clear sky
231,Dingle,PH,10.9995,122.6711,79.03,86,0,7.31,clear sky
232,Tual,ID,-5.6667,132.75,83.7,66,96,0.76,overcast clouds
233,Lacombe,CA,52.4668,-113.7353,50.0,25,82,18.41,broken clouds
234,Karratha,AU,-20.7377,116.8463,73.31,63,0,16.82,clear sky
235,Salta,AR,-24.7859,-65.4117,66.2,77,75,9.22,broken clouds
236,Aksarka,RU,66.5606,67.7975,-15.45,91,100,10.47,overcast clouds
237,Acarau,BR,-2.8856,-40.12,78.28,82,75,8.84,broken clouds
238,Nanakuli,US,21.3906,-158.1547,80.6,54,40,18.41,light rain
239,Prieska,ZA,-29.6641,22.7474,67.46,69,14,3.71,few clouds
240,Axim,GH,4.8699,-2.2405,80.2,83,48,5.91,scattered clouds
241,Inndyr,NO,67.0338,14.0276,34.0,86,75,20.71,snow
242,Sept-Iles,CA,50.2001,-66.3821,27.0,79,40,4.36,scattered clouds
243,Chikmagalur,IN,13.3167,75.7833,65.61,60,1,0.74,clear sky
244,Cocentaina,ES,38.7398,-0.4398,44.01,77,28,5.99,scattered clouds
245,Faya,SA,18.3851,42.4509,62.6,25,0,5.48,clear sky
246,Maneadero,MX,31.7167,-116.5667,63.0,76,1,5.01,clear sky
247,Carutapera,BR,-1.195,-46.02,75.92,89,80,4.25,broken clouds
248,Afareaitu,PF,-17.55,-149.7833,87.8,62,20,13.8,few clouds
249,Vila Franca Do Campo,PT,37.7167,-25.4333,59.0,67,75,4.61,broken clouds
250,Andros Town,BS,24.7,-77.7667,77.0,65,40,9.22,scattered clouds
251,Garcia Hernandez,PH,9.6144,124.2946,80.92,85,97,11.14,overcast clouds
252,Sitka,US,57.0531,-135.33,35.6,69,90,13.8,light snow
253,Souillac,MU,-20.5167,57.5167,78.8,89,40,11.5,light rain
254,Kuruman,ZA,-27.4524,23.4325,60.01,97,80,4.68,broken clouds
255,Hirtshals,DK,57.5881,9.9592,43.0,93,75,19.57,broken clouds
256,Luderitz,NA,-26.6481,15.1594,66.36,70,11,24.49,few clouds
257,Port Hedland,AU,-20.3167,118.5667,75.2,64,75,13.8,broken clouds
258,Martinsicuro,IT,42.8811,13.9145,37.99,85,100,11.05,overcast clouds
259,Alyangula,AU,-13.8483,136.4192,83.21,76,82,10.4,broken clouds
260,Skeldon,GY,5.8833,-57.1333,74.35,86,37,6.06,scattered clouds
261,Upernavik,GL,72.7868,-56.1549,-3.26,98,100,13.82,overcast clouds
262,Iracoubo,GF,5.4802,-53.2011,76.93,86,8,9.1,clear sky
263,Fukue,JP,32.6881,128.8419,51.8,87,75,10.36,broken clouds
264,Cabra,ES,37.4725,-4.4421,46.99,50,0,3.67,clear sky
265,Aripuana,BR,-9.1667,-60.6333,73.08,98,92,1.9,moderate rain
266,Kon Tum,VN,14.35,108.0,65.89,95,100,2.13,overcast clouds
267,Namatanai,PG,-3.6667,152.4333,85.42,63,78,4.9,broken clouds
268,Pochutla,MX,15.7432,-96.4661,88.0,42,40,11.5,scattered clouds
269,Simao,CN,22.7886,100.9748,61.32,51,68,1.16,broken clouds
270,Castro,BR,-24.7911,-50.0119,66.49,94,72,4.56,broken clouds
271,San Felipe,VE,10.3399,-68.7425,71.53,86,82,5.91,broken clouds
272,Reconquista,AR,-29.15,-59.65,66.65,95,100,12.93,light rain
273,Hofn,IS,64.2539,-15.2082,40.71,63,100,7.96,overcast clouds
274,Te Anau,NZ,-45.4167,167.7167,58.14,68,72,0.85,broken clouds
275,Gushi,CN,34.6425,109.5843,40.59,26,100,5.44,overcast clouds
276,Sao Joao Da Barra,BR,-21.6403,-41.0511,76.57,86,0,9.8,clear sky
277,Xai-Xai,MZ,-25.0519,33.6442,71.15,88,0,2.39,clear sky
278,Geraldton,AU,-28.7667,114.6,71.6,35,0,14.97,clear sky
279,Mokhsogollokh,RU,61.4681,128.9203,13.35,84,98,7.99,overcast clouds
280,Ambatofinandrahana,MG,-20.55,46.8,60.96,95,99,2.89,overcast clouds
281,Bandar-E Lengeh,IR,26.5579,54.8807,71.8,48,0,16.62,clear sky
282,Afua,BR,-0.1567,-50.3867,76.06,89,88,5.28,overcast clouds
283,Mount Pleasant,US,32.7941,-79.8626,57.2,62,90,11.5,overcast clouds
284,Honiara,SB,-9.4333,159.95,84.15,76,81,4.38,broken clouds
285,Tezu,IN,27.9167,96.1667,74.84,39,92,4.79,overcast clouds
286,Gardelegen,DE,52.5252,11.3952,41.0,62,100,7.0,overcast clouds
287,Huambo,AO,-12.7761,15.7392,61.45,89,100,2.28,overcast clouds
288,Bourail,NC,-21.5667,165.4833,80.69,60,38,5.61,scattered clouds
289,Calabozo,VE,8.9242,-67.4293,88.65,30,100,5.93,overcast clouds
290,Boden,SE,65.8252,21.6886,35.6,69,10,10.36,clear sky
291,Awjilah,LY,29.1081,21.2869,76.73,15,53,10.92,broken clouds
292,Ponta Do Sol,PT,32.6667,-17.1,57.99,58,39,8.01,scattered clouds
293,Tabory,RU,58.5198,64.5495,15.13,93,96,7.96,overcast clouds
294,Clyde River,CA,70.4692,-68.5914,-20.2,76,1,0.47,clear sky
295,Iqaluit,CA,63.7506,-68.5145,-9.0,70,20,13.8,few clouds
296,Xuddur,SO,4.1213,43.8894,75.58,79,1,14.32,clear sky
297,Biltine,TD,14.5333,20.9167,85.62,11,25,18.19,scattered clouds
298,Derzhavinsk,KZ,51.1,66.3167,27.95,93,91,21.7,light snow
299,Guliston,UZ,40.4897,68.7842,49.77,87,100,3.96,overcast clouds
300,Mount Gambier,AU,-37.8333,140.7667,59.0,94,73,5.75,broken clouds
301,Benguela,AO,-12.5763,13.4055,79.03,79,100,4.27,overcast clouds
302,Puerto Del Rosario,ES,28.5004,-13.8627,64.4,63,90,16.11,overcast clouds
303,Callaway,US,30.153,-85.5699,57.99,56,59,5.99,broken clouds
304,Isangel,VU,-19.55,169.2667,81.14,72,100,9.75,overcast clouds
305,Bethel,US,41.3712,-73.414,57.2,21,1,2.26,clear sky
306,Tooele,US,40.5308,-112.2983,36.0,100,90,12.66,light rain
307,Vestmannaeyjar,IS,63.4427,-20.2734,41.0,81,75,23.02,broken clouds
308,Hazaribag,IN,23.9833,85.35,69.78,36,0,3.4,clear sky
309,Moussoro,TD,13.6408,16.4901,86.41,29,7,9.89,clear sky
310,Darnah,LY,32.767,22.6367,64.53,59,4,9.26,clear sky
311,Almaznyy,RU,48.0448,40.045,32.0,100,40,6.71,mist
312,Adrar,MR,20.5022,-10.0711,69.57,11,57,9.95,broken clouds
313,Lagoa,PT,39.05,-27.9833,57.81,80,100,13.98,overcast clouds
314,Mount Isa,AU,-20.7333,139.5,80.6,74,100,8.05,overcast clouds
315,Wanning,CN,18.8003,110.3967,73.78,93,62,4.74,broken clouds
316,Ilulissat,GL,69.2167,-51.1,12.2,67,20,4.9,few clouds
317,Talcahuano,CL,-36.7167,-73.1167,62.6,67,0,9.22,clear sky
318,Burnie,AU,-41.0667,145.9167,63.0,62,100,13.0,overcast clouds
319,Kindu,CD,-2.95,25.95,70.48,97,99,1.88,overcast clouds
320,Abu Samrah,SY,35.3029,37.1841,52.86,59,0,2.35,clear sky
321,Talnakh,RU,69.4865,88.3972,-22.79,65,0,8.77,clear sky
322,Egvekinot,RU,66.3167,-179.1667,-3.69,79,100,9.37,overcast clouds
323,Qunduz,AF,36.729,68.857,54.88,80,100,2.21,overcast clouds
324,Ixtapa,MX,20.7,-105.2,77.0,65,1,8.05,clear sky
325,Dasoguz,TM,41.8363,59.9666,42.8,87,0,6.91,clear sky
326,Crestview,US,30.7621,-86.5705,57.99,58,90,3.44,overcast clouds
327,Lashio,MM,22.9333,97.75,59.14,48,70,1.43,broken clouds
328,Kadirli,TR,37.3739,36.0961,52.0,82,0,3.0,clear sky
329,Fort Nelson,CA,58.8053,-122.7002,17.6,45,20,3.44,few clouds
330,Brande,DK,55.9381,9.1218,43.0,100,90,21.85,mist
331,Mareeba,AU,-17.0,145.4333,84.0,61,85,4.61,overcast clouds
332,Fez,MA,34.0372,-4.9998,42.8,93,75,8.05,broken clouds
333,Vilyuysk,RU,63.7553,121.6247,-11.27,89,100,11.74,overcast clouds
334,Touros,BR,-5.1989,-35.4608,78.8,78,0,6.91,clear sky
335,Pangoa,PE,-12.1167,-73.0,72.88,85,46,1.48,scattered clouds
336,Merauke,ID,-8.4667,140.3333,80.28,80,94,6.38,overcast clouds
337,Betare Oya,CM,5.6,14.0833,69.49,91,98,1.23,overcast clouds
338,Zhezkazgan,KZ,47.8043,67.7144,26.55,91,28,9.37,scattered clouds
339,Belmonte,BR,-15.8631,-38.8828,77.0,83,20,3.44,few clouds
340,Bubaque,GW,11.2833,-15.8333,78.26,68,69,19.46,broken clouds
341,Erie,US,42.7667,-78.6664,46.4,25,1,8.05,clear sky
342,Kautokeino,NO,69.0125,23.0412,24.64,80,100,12.26,overcast clouds
343,Satun,TH,6.8333,100.0,77.0,100,20,2.71,few clouds
344,Destin,US,30.3935,-86.4958,61.0,51,90,5.75,overcast clouds
345,Whitehorse,CA,60.7161,-135.0538,21.99,53,40,11.5,scattered clouds
346,Morganton,US,35.7454,-81.6848,55.4,22,1,9.22,clear sky
347,Pauini,BR,-7.7136,-66.9764,73.17,90,100,3.22,overcast clouds
348,Narsaq,GL,60.9167,-46.05,32.0,93,90,9.22,snow
349,Zhelyabovka,UA,45.3988,34.7578,35.19,74,49,9.4,scattered clouds
350,Maarianhamina,AX,60.0973,19.9348,39.2,81,0,6.91,light rain
351,Luanda,AO,-8.8368,13.2343,80.6,83,75,4.61,broken clouds
352,Chenzhou,CN,25.8,113.0333,48.09,94,100,7.11,light rain
353,Sainte-Julienne,CA,45.9668,-73.7159,44.6,45,67,8.05,broken clouds
354,Dhidhdhoo,MV,6.8833,73.1,82.85,67,36,6.17,scattered clouds
355,Port Hardy,CA,50.6996,-127.4199,42.8,61,90,6.91,overcast clouds
356,Olafsvik,IS,64.8945,-23.7142,41.63,83,100,30.71,light rain
357,Buchanan,LR,5.8808,-10.0467,75.2,94,40,6.02,scattered clouds
358,Kemijarvi,FI,66.7131,27.4306,30.09,97,100,8.79,light snow
359,Honningsvag,NO,70.9821,25.9704,32.79,78,99,20.94,light snow
360,Vermillion,US,42.7794,-96.9292,62.6,31,1,29.93,clear sky
361,Mae Sai,TH,20.4335,99.8762,70.0,94,33,2.3,scattered clouds
362,Necochea,AR,-38.5473,-58.7368,63.0,80,77,5.01,broken clouds
363,High Level,CA,58.5169,-117.136,12.2,85,90,12.66,snow
364,Korla,CN,41.7597,86.1469,37.98,53,0,5.97,clear sky
365,Nagato,JP,34.3833,131.2,57.2,88,90,6.91,light rain
366,Rocky Mountain House,CA,52.3668,-114.9188,48.2,21,73,16.11,broken clouds
367,Sao Filipe,CV,14.8961,-24.4956,70.92,73,31,5.3,scattered clouds
368,Cabedelo,BR,-6.9811,-34.8339,77.0,88,0,6.91,clear sky
369,Los Llanos De Aridane,ES,28.6585,-17.9182,64.4,63,90,14.97,overcast clouds
370,Pimentel,PE,-6.8367,-79.9342,78.8,57,0,18.41,clear sky
371,Matara,LK,5.9485,80.5353,75.81,88,70,3.85,broken clouds
372,Sao Miguel Do Guama,BR,-1.6267,-47.4833,74.95,96,52,3.49,heavy intensity rain
373,Popondetta,PG,-8.7537,148.2534,86.72,63,93,1.45,overcast clouds
374,Lima,PE,-12.0432,-77.0282,75.99,64,0,11.5,clear sky
375,Porirua,NZ,-41.1333,174.85,62.01,69,81,5.99,broken clouds
376,Damara,CF,4.9608,18.7035,78.8,83,75,4.61,broken clouds
377,Parvatsar,IN,26.8833,74.7667,72.12,24,0,5.66,clear sky
378,Porto Novo,BJ,6.4965,2.6036,82.4,78,20,6.91,few clouds
379,Kropotkin,RU,45.4375,40.5756,36.25,93,95,7.94,overcast clouds
380,Ruteng,ID,-8.6136,120.4721,66.06,88,99,2.13,overcast clouds
381,Lebyazhye,RU,55.2689,66.4947,27.27,92,97,12.88,overcast clouds
382,Gravdal,NO,68.1214,13.5031,32.2,75,97,30.74,light snow
383,Keti Bandar,PK,24.1447,67.4497,75.06,83,0,11.45,clear sky
384,Halifax,CA,44.6453,-63.5724,37.99,75,13,8.05,few clouds
385,Kjollefjord,NO,70.9457,27.3465,32.47,82,98,16.11,light snow
386,Lorengau,PG,-2.0226,147.2712,84.27,73,100,7.02,overcast clouds
387,Puerto Carreno,CO,6.189,-67.4859,89.31,33,28,11.12,scattered clouds
388,Svetlogorsk,BY,52.6333,29.7333,26.38,81,54,7.52,broken clouds
389,Santa Cruz Del Norte,CU,23.1539,-81.9236,71.6,68,20,10.36,few clouds
390,Asau,RO,46.4333,26.4,32.0,62,100,2.06,light snow
391,Manta,EC,-0.95,-80.7333,78.8,83,20,5.75,few clouds
392,Singapore,SG,1.2897,103.8501,78.8,89,75,2.3,haze
393,Formosa,AR,-26.1775,-58.1781,84.2,79,0,2.3,clear sky
394,Port-Gentil,GA,-0.7193,8.7815,78.8,94,90,3.44,heavy intensity rain
395,Nome,US,64.5011,-165.4064,15.8,53,1,11.5,clear sky
396,Kutum,SD,14.2,24.6667,71.53,18,2,11.18,clear sky
397,Carmarthen,GB,51.8555,-4.3054,50.0,87,75,10.36,broken clouds
398,Sirari,TZ,-1.2333,34.4333,67.08,66,88,9.06,overcast clouds
399,New Smyrna Beach,US,29.0258,-80.927,55.4,94,90,13.8,light rain
400,Sistranda,NO,63.7256,8.834,37.4,70,75,31.07,broken clouds
401,Aksu,CN,41.1231,80.2644,37.47,48,27,3.65,scattered clouds
402,Providencia,MX,28.7167,-111.5833,93.0,15,0,14.0,clear sky
403,Plouzane,FR,48.3833,-4.6167,46.4,87,90,4.61,overcast clouds
404,Choma,ZM,-16.8065,26.9531,61.52,89,0,1.92,clear sky
405,Zhigansk,RU,66.7697,123.3711,15.76,93,100,21.36,light snow
406,Sur,OM,22.5667,59.5289,81.93,37,0,8.34,clear sky
407,Kushima,JP,31.4583,131.2333,68.0,83,75,9.22,moderate rain
408,Sabang,ID,5.8933,95.3214,82.74,71,94,5.3,overcast clouds
409,Cap-Aux-Meules,CA,47.3821,-61.8597,26.6,80,100,3.44,overcast clouds
410,Safford,US,32.834,-109.7076,80.6,13,1,17.27,clear sky
411,Muzhi,RU,65.3667,64.6667,-12.57,95,100,10.54,overcast clouds
412,Zheleznodorozhnyy,RU,55.7503,38.0042,25.0,93,40,4.47,light snow
413,Lithakia,GR,37.7167,20.8333,57.2,88,40,22.5,scattered clouds
414,Vaitape,PF,-16.5167,-151.75,83.28,66,1,7.65,clear sky
415,Feni,BD,23.0186,91.41,72.12,44,97,0.85,overcast clouds
416,Morshansk,RU,53.4435,41.8107,19.27,90,100,4.09,overcast clouds
417,Quelimane,MZ,-17.8786,36.8883,78.8,89,20,3.85,few clouds
418,Ulaangom,MN,49.9811,92.0667,2.25,90,93,2.37,overcast clouds
419,Kosice,SK,48.6667,21.3333,28.4,54,0,4.61,clear sky
420,Post Falls,US,47.718,-116.9516,50.0,43,1,19.57,clear sky
421,Gizo,SB,-8.103,156.8419,82.71,77,81,6.04,broken clouds
422,Fairview,US,40.8126,-73.999,57.2,22,1,2.8,clear sky
423,Magnor,SE,59.9511,12.1996,41.0,38,0,20.71,clear sky
424,Kabare,CD,-2.4683,28.8242,60.6,95,99,1.45,overcast clouds
425,Tawang,IN,27.5833,91.8667,38.07,77,13,3.18,few clouds
426,Paita,PE,-5.0892,-81.1144,80.6,69,0,9.22,clear sky
427,Sibu,MY,2.3,111.8167,75.2,94,40,3.44,scattered clouds
428,Rio Grande,BR,-32.035,-52.0986,77.0,87,17,3.0,light rain
429,Kozhva,RU,65.1073,57.0459,9.43,96,92,2.35,overcast clouds
430,Samut Sakhon,TH,13.5833,100.3,82.99,83,20,4.61,few clouds
431,Turbat,PK,26.0023,63.044,69.98,65,82,3.06,broken clouds
432,Juneau,US,58.3019,-134.4197,33.8,69,90,13.8,light snow
433,Maceio,BR,-9.6658,-35.7353,77.0,83,75,5.75,broken clouds
434,Palmas,BR,-10.2128,-48.3603,77.0,88,40,3.44,scattered clouds
435,Tongliao,CN,43.6125,122.2653,32.67,60,100,17.49,light snow
436,Ayr,GB,55.4627,-4.6339,46.4,87,0,9.22,clear sky
437,Hay River,CA,60.8156,-115.7999,10.4,61,100,13.8,overcast clouds
438,Abha,SA,18.2164,42.5053,62.6,25,0,3.58,clear sky
439,Nelson Bay,AU,-32.7167,152.15,68.0,100,90,11.5,moderate rain
440,Iquique,CL,-20.2208,-70.1431,69.8,60,0,23.02,clear sky
441,Ames,US,42.0347,-93.6199,60.8,25,1,19.57,clear sky
442,Berlevag,NO,70.8578,29.0864,32.34,82,99,13.4,light snow
443,Roald,NO,62.5833,6.1333,35.6,93,75,10.36,snow
444,Valvedditturai,LK,9.8167,80.1667,78.85,80,32,4.45,scattered clouds
445,Caucaia,BR,-3.7361,-38.6531,82.4,74,0,4.61,clear sky
446,Huangnihe,CN,43.5583,128.0239,30.11,89,77,8.55,light snow
447,Cururupu,BR,-1.8283,-44.8683,73.99,91,69,2.59,broken clouds
448,Zharkent,KZ,44.1628,80.0,43.25,29,42,2.53,scattered clouds
449,Kamenka,RU,51.3223,42.7678,18.45,93,93,4.54,overcast clouds
450,Stykkisholmur,IS,65.0757,-22.7297,39.42,88,100,20.65,light rain
451,Kushalgarh,IN,23.199,74.4507,74.44,23,0,6.15,clear sky
452,Porto Walter,BR,-8.2686,-72.7439,73.81,96,82,5.93,heavy intensity rain
453,Waslala,NI,13.2333,-85.3833,73.4,53,40,13.8,scattered clouds
454,Barra Do Garcas,BR,-15.89,-52.2567,74.41,85,39,2.3,scattered clouds
455,Inhambane,MZ,-23.865,35.3833,74.88,85,5,1.9,clear sky
456,Kenai,US,60.5544,-151.2583,21.2,68,75,24.16,light snow
457,Key Largo,US,25.0865,-80.4473,75.99,69,0,4.0,clear sky
458,Kamina,CD,-8.7386,24.9906,64.27,90,98,1.28,overcast clouds
459,Brae,GB,60.3964,-1.353,42.8,61,75,14.97,broken clouds
460,Coahuayana,MX,18.7333,-103.6833,84.2,37,1,11.5,clear sky
461,Lavrentiya,RU,65.5833,-171.0,1.72,80,100,13.94,overcast clouds
462,Ballina,AU,-28.8667,153.5667,73.4,94,75,19.57,light rain
463,Abaete,BR,-19.16,-45.4458,70.07,83,4,5.46,clear sky
464,Casa Nova,BR,-9.4167,-41.1333,84.2,48,0,3.44,clear sky
465,Barra,BR,-11.0894,-43.1417,76.57,72,100,6.42,overcast clouds
466,Ketchikan,US,55.3422,-131.6461,33.8,100,90,14.97,light snow
467,Kermanshah,IR,34.3142,47.065,44.6,33,0,6.91,clear sky
468,Qarqin,AF,37.4185,66.0436,50.94,76,27,9.95,scattered clouds
469,Codrington,AU,-38.2667,141.9667,70.38,64,100,11.41,overcast clouds
470,Vao,NC,-22.6667,167.4833,76.21,75,0,17.11,clear sky
471,Maragogi,BR,-9.0122,-35.2225,78.06,80,0,7.87,clear sky
472,Saint Anthony,US,45.0205,-93.218,57.2,33,1,19.57,clear sky
473,Bonavista,CA,48.6499,-53.1147,25.0,79,99,6.91,overcast clouds
474,Solhan,TR,38.9634,41.0293,35.11,89,94,2.77,overcast clouds
475,Constitucion,CL,-35.3333,-72.4167,58.75,80,100,8.05,overcast clouds
476,Khash,IR,28.2211,61.2158,57.56,37,1,5.97,clear sky
477,Tarauaca,BR,-8.1614,-70.7656,73.99,96,71,4.79,broken clouds
478,Mahon,ES,39.8885,4.2658,48.2,61,40,16.11,scattered clouds
479,Camana,PE,-16.6228,-72.7111,71.11,80,22,9.13,few clouds
480,Chumikan,RU,54.7183,135.315,15.26,89,51,5.86,broken clouds
481,Taybad,IR,34.74,60.7756,47.77,80,11,8.41,few clouds
482,Qaqortoq,GL,60.7167,-46.0333,32.0,93,90,9.22,snow
483,Shingu,JP,33.7333,135.9833,66.2,94,75,16.11,broken clouds
484,Flin Flon,CA,54.7682,-101.865,51.8,28,40,5.75,scattered clouds
485,Raga,SS,8.4596,25.678,80.44,57,92,5.59,overcast clouds
486,Urumqi,CN,43.801,87.6005,24.8,86,0,4.47,clear sky
487,Turkmenabat,TM,39.0733,63.5786,44.6,93,0,6.91,clear sky
488,Pechenga,RU,69.5259,31.1703,24.8,74,0,3.44,light snow
489,Palauig,PH,15.435,119.9045,80.6,75,79,4.07,broken clouds
490,Atherton,GB,53.5237,-2.4935,46.99,77,48,7.0,scattered clouds
491,Pangnirtung,CA,66.1451,-65.7125,-16.4,92,9,1.39,clear sky
492,Nago,JP,26.5881,127.9761,68.0,88,90,10.36,overcast clouds
493,Maumere,ID,-8.6199,122.2111,80.82,81,87,8.32,light rain
494,Myitkyina,MM,25.3833,97.4,67.15,39,77,2.19,broken clouds
495,Huarmey,PE,-10.0681,-78.1522,75.07,71,1,8.99,clear sky
496,Guaruja,BR,-23.9931,-46.2564,82.0,26,38,7.29,scattered clouds
497,Nuevo Progreso,MX,23.1667,-97.95,71.01,49,7,5.99,clear sky
498,Capelinha,BR,-17.6914,-42.5158,63.41,98,12,5.66,few clouds
499,Erzin,TR,36.9559,36.2,52.0,82,0,3.0,clear sky
500,Haradok,BY,55.4624,29.9816,24.12,71,90,11.27,light snow
501,Kashi,CN,39.4547,75.9797,42.8,52,40,15.66,dust
502,Black River,JM,18.0264,-77.8487,81.0,74,20,6.91,few clouds
503,Pontes E Lacerda,BR,-15.2261,-59.3353,74.97,91,90,2.01,moderate rain
504,Ulaanbaatar,MN,47.9077,106.8832,5.0,72,0,2.24,clear sky
505,San Vicente,AR,-26.6167,-54.1333,74.86,73,40,3.47,light rain
506,Kuala Terengganu,MY,5.3302,103.1408,77.0,88,20,3.44,few clouds
507,Keetmanshoop,NA,-26.5833,18.1333,73.51,58,52,9.93,broken clouds
508,Lujan,AR,-34.5703,-59.105,66.99,89,91,1.01,overcast clouds
509,Akyab,MM,20.15,92.9,70.45,73,74,5.46,broken clouds
510,Harper,LR,4.375,-7.7169,79.2,83,97,6.82,overcast clouds
511,Hambantota,LK,6.1241,81.1185,77.11,83,63,5.23,broken clouds
512,Kyra,RU,49.5776,111.9753,11.77,83,85,3.67,overcast clouds
513,Khasan,RU,42.4308,130.6434,33.75,99,100,7.07,light rain
514,Ulladulla,AU,-35.35,150.4667,64.4,100,75,9.22,moderate rain
515,Tuatapere,NZ,-46.1333,167.6833,55.0,94,94,5.01,overcast clouds
516,Marawi,PH,7.9986,124.2928,77.0,87,46,5.01,scattered clouds
517,Poum,NC,-20.2333,164.0167,79.43,73,88,11.43,overcast clouds
518,Atyrau,KZ,47.1167,51.8833,32.0,93,75,6.71,mist
519,Anadyr,RU,64.75,177.4833,-5.01,71,0,13.42,clear sky
520,Batagay,RU,67.6333,134.6333,-2.18,91,45,5.32,scattered clouds
521,Ust-Kulom,RU,61.6864,53.6902,8.42,97,80,4.76,broken clouds
522,Ko Samui,TH,9.5357,99.9357,81.18,75,3,7.92,clear sky
523,Atbasar,KZ,51.8,68.3333,28.38,91,96,19.69,overcast clouds
524,Fare,PF,-16.7,-151.0167,83.14,66,10,6.38,clear sky
525,Davila,PH,18.4726,120.5763,80.6,89,75,3.44,broken clouds
526,Manjacaze,MZ,-24.7117,33.8828,68.65,93,0,1.92,clear sky
527,Linguere,SN,15.3953,-15.1193,73.99,29,8,14.16,clear sky
528,Ust-Charyshskaya Pristan,RU,52.3934,83.6635,26.98,83,100,8.63,overcast clouds
529,Calafell,ES,41.2,1.5683,46.99,100,44,5.99,scattered clouds
530,Saint-Pierre,RE,-21.3393,55.4781,78.8,73,40,20.71,scattered clouds
531,Lai,TD,9.3952,16.2989,85.75,33,82,5.82,broken clouds
532,Tsiroanomandidy,MG,-18.7667,46.0333,66.83,93,88,1.52,overcast clouds
533,Panguna,PG,-6.3164,155.4848,80.91,64,84,3.09,broken clouds
534,Kontagora,NG,10.3999,5.4695,83.3,51,74,3.47,broken clouds
535,Kedrovyy,RU,56.1667,91.8167,39.2,30,0,8.95,clear sky
536,Safranbolu,TR,41.2508,32.6942,40.68,96,100,3.4,overcast clouds
537,Sacramento,US,38.4666,-121.3177,64.0,36,40,11.5,scattered clouds
538,Da Nang,VN,16.0678,108.2208,78.8,89,75,4.61,broken clouds
539,Presidencia Roque Saenz Pena,AR,-26.7852,-60.4388,72.52,95,67,11.61,moderate rain
540,West Plains,US,36.7281,-91.8524,62.01,36,1,9.22,clear sky
541,Shatoy,RU,42.8714,45.6886,41.0,93,75,17.9,broken clouds
542,Marsaxlokk,MT,35.8419,14.5431,59.0,94,75,13.8,light rain
543,Presidente Dutra,BR,-5.29,-44.49,73.99,95,89,2.44,overcast clouds
544,San Cristobal,VE,7.7669,-72.225,80.6,69,40,5.75,scattered clouds
545,Progreso,MX,21.2833,-89.6667,75.99,53,75,8.05,broken clouds
546,Mozelos,PT,41.8677,-8.3978,44.6,57,0,2.3,clear sky
547,Padang,ID,-0.9492,100.3543,73.4,100,40,2.3,scattered clouds
548,Mendoza,AR,-32.8908,-68.8272,66.2,63,20,2.3,few clouds
549,Maiduguri,NG,11.8464,13.1603,87.51,34,83,3.94,broken clouds
550,Shu,KZ,43.5983,73.7614,38.8,94,100,12.53,light rain
551,Batesville,US,35.7698,-91.641,61.0,48,1,8.05,clear sky
552,Baherden,TM,38.4362,57.4316,52.27,52,15,1.36,few clouds
553,Belawan,ID,3.7755,98.6832,77.0,100,20,2.3,mist
554,Pascagoula,US,30.3658,-88.5561,64.4,55,90,6.91,overcast clouds
555,Ajdabiya,LY,30.7554,20.2263,72.0,24,0,13.96,clear sky
556,Amealco,MX,20.1833,-100.15,77.0,27,40,13.8,scattered clouds
557,Balaghat,IN,21.8,80.1833,72.79,37,6,3.36,clear sky
558,Iisalmi,FI,63.5592,27.1907,33.8,100,90,13.8,light snow
559,Puerto Asis,CO,0.5133,-76.5007,75.2,88,90,3.44,heavy intensity rain
560,Mahibadhoo,MV,3.7833,72.9667,81.97,68,17,5.5,few clouds
561,Lata,PT,40.1629,-8.3327,50.0,76,0,4.61,clear sky
562,Koslan,RU,63.4564,48.8989,8.74,96,94,5.12,overcast clouds
563,Caohai,CN,26.8661,104.2841,35.74,80,100,8.46,overcast clouds
564,Antri,IN,26.0567,78.2144,74.17,21,0,0.94,clear sky
565,Skuodas,LT,56.2667,21.5333,37.4,93,90,21.85,overcast clouds
566,Laguna,US,38.421,-121.4238,64.0,36,20,6.91,few clouds
567,Plettenberg Bay,ZA,-34.0527,23.3716,62.06,88,81,6.91,light rain
568,Pechora,RU,65.1472,57.2244,9.3,96,92,2.24,light snow
569,Kaeo,NZ,-35.1,173.7833,69.01,57,4,7.0,clear sky
570,Kastamonu,TR,41.5,33.6667,35.35,97,100,1.54,overcast clouds
571,Goderich,CA,43.7501,-81.7165,48.2,27,0,4.61,clear sky
572,Penarroya-Pueblonuevo,ES,38.3,-5.2667,42.01,70,0,6.85,clear sky
573,Cody,US,44.5263,-109.0565,37.0,80,90,16.11,overcast clouds
574,Moose Factory,CA,51.2585,-80.6094,55.4,30,1,11.5,clear sky
575,Huallanca,PE,-9.8993,-76.9417,49.82,79,84,6.02,broken clouds
576,Jawhar,SO,2.7809,45.5005,78.35,83,6,9.08,clear sky
577,Semporna,MY,4.4818,118.6112,77.0,88,20,2.3,few clouds
578,Ilovlya,RU,49.3033,43.9796,30.2,86,0,2.24,clear sky
579,Pangani,TZ,-5.4333,38.9667,75.97,88,4,5.01,clear sky
580,Timiryazevskoye,RU,56.49,84.8769,35.01,64,40,20.13,scattered clouds
581,Malanje,AO,-9.5402,16.341,65.3,95,99,3.2,overcast clouds
582,Naliya,IN,23.2667,68.8333,72.3,81,0,7.43,clear sky
583,Sobolevo,RU,54.4299,31.8996,21.38,89,72,8.55,broken clouds
584,Trairi,BR,-3.2778,-39.2689,78.37,79,2,8.68,clear sky
585,Poso,ID,-1.3959,120.7524,75.99,81,92,4.97,overcast clouds
586,Nara,JP,34.6851,135.8049,60.8,94,75,1.14,mist
587,Mayo,US,38.8876,-76.5119,50.0,53,1,4.61,clear sky
588,Yulara,AU,-25.2406,130.9889,62.6,100,90,10.36,light rain
589,Sisimiut,GL,66.9395,-53.6735,18.52,82,70,12.55,broken clouds
590,Margate,GB,51.3813,1.3862,46.99,75,100,1.99,overcast clouds
591,Piopio,NZ,-38.4667,175.0167,67.93,42,0,1.57,clear sky
592,Amarante Do Maranhao,BR,-5.5667,-46.7422,73.74,93,36,3.15,heavy intensity rain
593,Ambon,ID,-3.6954,128.1814,77.0,94,20,6.91,few clouds
594,Nouadhibou,MR,20.931,-17.0347,62.6,72,92,20.71,sand
595,Guerrero Negro,MX,27.9769,-114.0611,69.87,54,31,21.99,scattered clouds
596,Vila,PT,42.0304,-8.1588,41.0,70,0,3.0,clear sky
597,Edson,CA,53.5835,-116.4356,35.6,69,40,11.5,light rain
598,Asheboro,US,35.7079,-79.8136,51.8,30,90,5.75,overcast clouds
599,Kaka,TM,37.3482,59.6143,51.24,54,6,4.65,clear sky
600,Ahvaz,IR,31.3203,48.6693,62.6,34,0,9.22,clear sky
601,Noshiro,JP,40.2039,140.0242,42.8,100,75,2.3,broken clouds
602,Marianske Lazne,CZ,49.9646,12.7012,28.99,69,73,3.0,broken clouds
603,Sosnovo-Ozerskoye,RU,52.5249,111.5418,11.01,88,100,10.87,overcast clouds
604,Coihaique,CL,-45.5752,-72.0662,57.2,58,75,8.05,broken clouds
605,Ejura,GH,7.3856,-1.3562,77.68,77,62,4.99,broken clouds
606,Graham,US,47.0529,-122.2943,53.6,54,40,12.66,scattered clouds
607,Chunskiy,RU,56.0815,99.6342,20.89,88,99,2.82,overcast clouds
608,Batagay-Alyta,RU,67.8006,130.4114,-8.59,96,100,0.76,overcast clouds
609,Kalabo,ZM,-14.97,22.6814,66.83,91,0,4.43,clear sky
610,Magadan,RU,59.5667,150.8,5.02,81,67,3.53,broken clouds
611,Kavieng,PG,-2.5744,150.7967,84.07,75,74,11.01,moderate rain
612,Nosy Varika,MG,-20.5833,48.5333,74.82,89,100,3.31,light rain
613,Haldwani,IN,29.2167,79.5167,67.64,23,0,4.97,clear sky
614,Neiafu,TO,-18.65,-173.9833,84.2,74,20,10.36,few clouds
615,Santa Maria,BR,-29.6842,-53.8069,91.4,46,20,10.36,few clouds
616,Kincardine,GB,56.0667,-3.7167,46.4,87,90,4.61,overcast clouds
617,Nueve De Julio,AR,-35.4444,-60.8831,60.89,84,16,5.3,few clouds
618,Freeport,US,40.6576,-73.5832,48.0,53,1,6.91,clear sky
619,Pinawa,CA,50.1489,-95.8811,54.03,60,67,6.91,broken clouds
620,Wanaka,NZ,-44.7,169.15,60.64,68,0,2.24,clear sky
621,Vestmanna,FO,62.1564,-7.1664,42.8,81,75,8.05,broken clouds
622,Bloemfontein,ZA,-29.1211,26.214,57.2,94,10,4.61,clear sky
623,Lapua,FI,62.9693,23.0088,37.0,73,70,5.99,broken clouds
624,Shaunavon,CA,49.6501,-108.4181,46.4,34,100,13.8,overcast clouds
625,Biak,ID,-0.9131,122.8766,79.07,74,100,1.63,overcast clouds
626,Flagstaff,US,35.1981,-111.6513,57.99,37,20,27.63,few clouds
627,Lavumisa,SZ,-27.31,31.892,69.91,95,30,1.21,scattered clouds
628,Price,US,39.5994,-110.8107,50.0,43,90,24.16,overcast clouds
629,Pedernales,DO,18.0384,-71.744,78.82,68,20,2.73,few clouds
630,Aquiraz,BR,-3.9014,-38.3911,82.4,74,0,4.61,clear sky
631,Gezing,AT,47.9178,13.1299,25.0,93,75,5.75,broken clouds
632,Tornio,FI,65.8481,24.1466,28.4,100,0,6.91,clear sky
633,Richards Bay,ZA,-28.783,32.0377,71.65,92,49,3.36,scattered clouds
634,Churapcha,RU,62.0025,132.4325,15.06,88,97,11.34,overcast clouds
635,Shakawe,BW,-18.3667,21.85,74.17,58,67,3.4,broken clouds
636,Zambezi,ZM,-13.5432,23.1047,64.83,94,9,3.89,clear sky
637,Borger,NL,52.9233,6.7931,43.0,96,99,3.0,overcast clouds
638,Sabzevar,IR,36.2126,57.6819,49.87,55,1,8.03,clear sky
639,Saint Peter,BB,13.25,-59.6167,77.0,57,20,13.8,few clouds
640,Wainwright,CA,52.839,-110.8572,55.4,19,45,9.22,scattered clouds
641,Chapais,CA,49.7834,-74.8492,46.4,34,1,9.22,clear sky
642,Viedma,AR,-40.8135,-62.9967,63.39,52,1,8.9,clear sky
643,Tripoli,LY,32.8752,13.1875,72.1,30,68,17.13,broken clouds
644,Wad Rawah,SD,15.1603,33.1397,84.0,20,43,20.33,scattered clouds
645,Klyuchi,RU,52.2667,79.1667,33.01,86,100,15.14,overcast clouds
646,Chara,RU,56.9064,118.2631,4.5,72,73,3.11,broken clouds
647,Bo Rai,TH,12.5728,102.5371,82.0,99,14,1.57,few clouds
648,Hamilton,US,39.1834,-84.5333,57.99,21,1,8.05,clear sky
649,Acapulco,MX,16.8634,-99.8901,84.2,65,1,9.22,clear sky
650,Manokwari,ID,-0.8667,134.0833,79.34,80,100,3.36,overcast clouds
651,Evensk,RU,61.95,159.2333,-4.92,64,0,1.79,clear sky
652,Port Blair,IN,11.6667,92.75,77.14,76,88,4.36,overcast clouds
653,Cairns,AU,-16.9167,145.7667,84.0,61,80,4.61,broken clouds
654,Daokou,CN,35.5639,114.5058,39.76,28,80,7.72,broken clouds
655,Jackson,US,42.4165,-122.8345,54.0,40,40,19.57,scattered clouds
656,Bamnet Narong,TH,15.4992,101.6897,80.06,69,13,9.44,few clouds
657,Chon Buri,TH,13.3,101.3,82.99,46,0,6.73,clear sky
658,Kudahuvadhoo,MV,2.6708,72.8944,81.84,69,98,3.51,overcast clouds
659,Boguchany,RU,58.3814,97.4531,20.1,95,100,5.08,overcast clouds
660,Araouane,ML,18.9048,-3.5265,78.21,14,1,12.5,clear sky
661,Hailar,CN,49.2,119.7,17.35,70,0,9.37,clear sky
662,Batticaloa,LK,7.7102,81.6924,78.58,83,93,0.87,light rain
663,Rovaniemi,FI,66.5,25.7167,30.2,100,90,2.3,fog
664,Palmer,US,42.1584,-72.3287,57.2,18,20,5.75,few clouds
665,Kargasok,RU,59.0556,80.8572,31.89,97,100,9.64,overcast clouds
666,Bardstown,US,37.8092,-85.4669,59.0,25,1,6.91,clear sky
667,Kiunga,PG,-6.1219,141.2906,73.15,98,100,4.29,light rain
668,Capreol,CA,46.706,-80.9225,46.4,29,1,14.97,clear sky
669,Fatezh,RU,52.0891,35.8632,22.23,95,96,5.59,overcast clouds
670,Karasjok,NO,69.4719,25.5112,32.0,69,75,21.85,broken clouds
671,Kahului,US,20.8947,-156.47,78.8,61,40,24.16,scattered clouds
672,Kigonsera,TZ,-10.8,35.05,61.86,97,100,2.13,moderate rain
673,Messina,IT,38.1933,15.5497,55.4,71,75,10.36,moderate rain
674,Campina Grande Do Sul,BR,-25.3056,-49.0553,73.4,83,20,8.05,few clouds
675,Mugur-Aksy,RU,50.35,90.5,10.17,51,95,8.3,overcast clouds
676,Sarkand,KZ,45.41,79.9186,36.91,43,70,4.56,broken clouds
677,Fria,GN,10.4167,-13.5833,68.68,82,30,2.06,scattered clouds
678,Aranos,NA,-24.1333,19.1167,68.58,75,45,15.43,scattered clouds
679,Zyryanka,RU,65.75,150.85,-4.11,79,0,8.12,clear sky
680,Okitipupa,NG,6.5047,4.7839,75.99,86,99,1.99,light rain
681,Natal,BR,-5.795,-35.2094,80.6,74,0,12.66,clear sky
